{
  "condition": "condition_C",
  "num_rounds": 3,
  "per_round": [
    {
      "round": 1,
      "auc": 0.9712,
      "f1": 0.9375,
      "accuracy": 0.94,
      "evasion_rate": 0.02
    },
    {
      "round": 2,
      "auc": 0.9748,
      "f1": 0.9375,
      "accuracy": 0.94,
      "evasion_rate": 0.02
    },
    {
      "round": 3,
      "auc": 0.9823999999999999,
      "f1": 0.9473684210526315,
      "accuracy": 0.95,
      "evasion_rate": 0.0
    }
  ],
  "final": {
    "round": 3,
    "auc": 0.9823999999999999,
    "f1": 0.9473684210526315,
    "accuracy": 0.95,
    "evasion_rate": 0.0
  }
}