round,condition,auc,f1,evasion_rate,bertscore_f1,mean_perplexity
1,condition_B,0.9,0.6792452830188679,0.75,,
2,condition_B,0.9,0.6792452830188679,0.75,,
1,condition_C,0.945,0.9230769230769231,0.05,,
2,condition_C,0.945,0.9230769230769231,0.05,,
