{
  "condition": "condition_B",
  "num_rounds": 3,
  "per_round": [
    {
      "round": 1,
      "auc": 0.9491555555555556,
      "f1": 0.6531531531531531,
      "accuracy": 0.4866666666666667,
      "evasion_rate": 0.9933333333333333
    },
    {
      "round": 2,
      "auc": 0.9485111111111111,
      "f1": 0.6561085972850679,
      "accuracy": 0.49333333333333335,
      "evasion_rate": 0.98
    },
    {
      "round": 3,
      "auc": 0.9498222222222223,
      "f1": 0.654627539503386,
      "accuracy": 0.49,
      "evasion_rate": 0.9866666666666667
    }
  ],
  "final": {
    "round": 3,
    "auc": 0.9498222222222223,
    "f1": 0.654627539503386,
    "accuracy": 0.49,
    "evasion_rate": 0.9866666666666667
  }
}