{
  "condition": "condition_B",
  "num_rounds": 3,
  "per_round": [
    {
      "round": 1,
      "auc": 0.8980000000000001,
      "f1": 0.6818181818181818,
      "accuracy": 0.58,
      "evasion_rate": 0.74
    },
    {
      "round": 2,
      "auc": 0.8988,
      "f1": 0.7086614173228346,
      "accuracy": 0.63,
      "evasion_rate": 0.64
    },
    {
      "round": 3,
      "auc": 0.8980000000000001,
      "f1": 0.7377049180327869,
      "accuracy": 0.68,
      "evasion_rate": 0.54
    }
  ],
  "final": {
    "round": 3,
    "auc": 0.8980000000000001,
    "f1": 0.7377049180327869,
    "accuracy": 0.68,
    "evasion_rate": 0.54
  }
}