{
  "condition": "condition_D",
  "num_rounds": 3,
  "per_round": [
    {
      "round": 1,
      "auc": 0.9984444444444445,
      "f1": 0.9764309764309764,
      "accuracy": 0.9766666666666667,
      "evasion_rate": 0.013333333333333334
    },
    {
      "round": 2,
      "auc": 0.9989777777777779,
      "f1": 0.9797297297297297,
      "accuracy": 0.98,
      "evasion_rate": 0.006666666666666667
    },
    {
      "round": 3,
      "auc": 0.9993333333333333,
      "f1": 0.9797297297297297,
      "accuracy": 0.98,
      "evasion_rate": 0.006666666666666667
    }
  ],
  "final": {
    "round": 3,
    "auc": 0.9993333333333333,
    "f1": 0.9797297297297297,
    "accuracy": 0.98,
    "evasion_rate": 0.006666666666666667
  }
}