{
  "label": "condition_A",
  "split": "test",
  "auc": 0.9774999999999999,
  "f1": 0.9047619047619048,
  "accuracy": 0.9,
  "evasion_rate": 0.15
}